date;year;month;day
2024-07-27;2024;07;27
2024-07-27;2024;07;27
2024-07-27;2024;07;27
2024-07-27;2024;07;27
2024-07-27;2024;07;27
2024-07-27;2024;07;27
2024-07-27;2024;07;27
2024-07-27;2024;07;27
2024-07-27;2024;07;27
2024-07-27;2024;07;27
2024-07-27;2024;07;27
2024-07-27;2024;07;27
2024-07-27;2024;07;27
2024-07-27;2024;07;27
2024-07-27;2024;07;27
2024-07-27;2024;07;27
2024-07-27;2024;07;27
2024-07-27;2024;07;27
2024-07-27;2024;07;27
2024-07-27;2024;07;27
2024-07-27;2024;07;27
2024-07-27;2024;07;27
2024-07-27;2024;07;27
2024-07-27;2024;07;27
2024-07-27;2024;07;27
2024-07-27;2024;07;27
2024-07-27;2024;07;27
2024-07-27;2024;07;27
2024-07-27;2024;07;27
2024-07-27;2024;07;27
2024-07-27;2024;07;27
2024-07-27;2024;07;27
2024-07-27;2024;07;27
2024-07-27;2024;07;27
2024-07-27;2024;07;27
2024-07-27;2024;07;27
2024-07-27;2024;07;27
2024-07-27;2024;07;27
2024-07-27;2024;07;27
2024-07-27;2024;07;27
2024-07-27;2024;07;27
2024-07-28;2024;07;28
2024-07-28;2024;07;28
2024-07-28;2024;07;28
2024-07-28;2024;07;28
2024-07-28;2024;07;28
2024-07-28;2024;07;28
2024-07-28;2024;07;28
2024-07-28;2024;07;28
2024-07-28;2024;07;28
2024-07-28;2024;07;28
2024-07-28;2024;07;28
2024-07-28;2024;07;28
2024-07-28;2024;07;28
2024-07-28;2024;07;28
2024-07-28;2024;07;28
2024-07-28;2024;07;28
2024-07-28;2024;07;28
2024-07-28;2024;07;28
2024-07-28;2024;07;28
2024-07-28;2024;07;28
2024-07-28;2024;07;28
2024-07-28;2024;07;28
2024-07-28;2024;07;28
2024-07-28;2024;07;28
2024-07-28;2024;07;28
2024-07-28;2024;07;28
2024-07-28;2024;07;28
2024-07-28;2024;07;28
2024-07-28;2024;07;28
2024-07-28;2024;07;28
2024-07-28;2024;07;28
2024-07-28;2024;07;28
2024-07-28;2024;07;28
2024-07-28;2024;07;28
2024-07-28;2024;07;28
2024-07-28;2024;07;28
2024-07-28;2024;07;28
2024-07-28;2024;07;28
2024-07-28;2024;07;28
2024-07-28;2024;07;28
2024-07-28;2024;07;28
2024-07-29;2024;07;29
2024-07-29;2024;07;29
2024-07-29;2024;07;29
2024-07-29;2024;07;29
2024-07-29;2024;07;29
2024-07-29;2024;07;29
2024-07-29;2024;07;29
2024-07-29;2024;07;29
2024-07-29;2024;07;29
2024-07-29;2024;07;29
2024-07-29;2024;07;29
2024-07-29;2024;07;29
2024-07-29;2024;07;29
2024-07-29;2024;07;29
2024-07-29;2024;07;29
2024-07-29;2024;07;29
2024-07-29;2024;07;29
2024-07-29;2024;07;29
2024-07-29;2024;07;29
2024-07-29;2024;07;29
2024-07-29;2024;07;29
2024-07-29;2024;07;29
2024-07-29;2024;07;29
2024-07-29;2024;07;29
2024-07-29;2024;07;29
2024-07-29;2024;07;29
2024-07-29;2024;07;29
2024-07-29;2024;07;29
2024-07-29;2024;07;29
2024-07-29;2024;07;29
2024-07-29;2024;07;29
2024-07-29;2024;07;29
2024-07-29;2024;07;29
2024-07-29;2024;07;29
2024-07-29;2024;07;29
2024-07-29;2024;07;29
2024-07-29;2024;07;29
2024-07-29;2024;07;29
2024-07-29;2024;07;29
2024-07-29;2024;07;29
2024-07-29;2024;07;29
2024-07-29;2024;07;29
2024-07-29;2024;07;29
2024-07-29;2024;07;29
2024-07-29;2024;07;29
2024-07-29;2024;07;29
2024-07-29;2024;07;29
2024-07-29;2024;07;29
2024-07-29;2024;07;29
2024-07-29;2024;07;29
2024-07-29;2024;07;29
2024-07-29;2024;07;29
2024-07-29;2024;07;29
2024-07-29;2024;07;29
2024-07-29;2024;07;29
2024-07-29;2024;07;29
2024-07-29;2024;07;29
2024-07-29;2024;07;29
2024-07-29;2024;07;29
2024-07-30;2024;07;30
2024-07-30;2024;07;30
2024-07-30;2024;07;30
2024-07-30;2024;07;30
2024-07-30;2024;07;30
2024-07-30;2024;07;30
2024-07-30;2024;07;30
2024-07-30;2024;07;30
2024-07-30;2024;07;30
2024-07-30;2024;07;30
2024-07-30;2024;07;30
2024-07-30;2024;07;30
2024-07-30;2024;07;30
2024-07-30;2024;07;30
2024-07-30;2024;07;30
2024-07-30;2024;07;30
2024-07-30;2024;07;30
2024-07-30;2024;07;30
2024-07-30;2024;07;30
2024-07-30;2024;07;30
2024-07-30;2024;07;30
2024-07-30;2024;07;30
2024-07-30;2024;07;30
2024-07-30;2024;07;30
2024-07-30;2024;07;30
2024-07-30;2024;07;30
2024-07-30;2024;07;30
2024-07-30;2024;07;30
2024-07-30;2024;07;30
2024-07-30;2024;07;30
2024-07-30;2024;07;30
2024-07-30;2024;07;30
2024-07-30;2024;07;30
2024-07-30;2024;07;30
2024-07-30;2024;07;30
2024-07-31;2024;07;31
2024-07-31;2024;07;31
2024-07-31;2024;07;31
2024-07-31;2024;07;31
2024-07-31;2024;07;31
2024-07-31;2024;07;31
2024-07-31;2024;07;31
2024-07-31;2024;07;31
2024-07-31;2024;07;31
2024-07-31;2024;07;31
2024-07-31;2024;07;31
2024-07-31;2024;07;31
2024-07-31;2024;07;31
2024-07-31;2024;07;31
2024-07-31;2024;07;31
2024-07-31;2024;07;31
2024-07-31;2024;07;31
2024-07-31;2024;07;31
2024-07-31;2024;07;31
2024-07-31;2024;07;31
2024-07-31;2024;07;31
2024-07-31;2024;07;31
2024-07-31;2024;07;31
2024-07-31;2024;07;31
2024-07-31;2024;07;31
2024-07-31;2024;07;31
2024-07-31;2024;07;31
2024-07-31;2024;07;31
2024-07-31;2024;07;31
2024-07-31;2024;07;31
2024-07-31;2024;07;31
2024-07-31;2024;07;31
2024-07-31;2024;07;31
2024-07-31;2024;07;31
2024-07-31;2024;07;31
2024-07-31;2024;07;31
2024-07-31;2024;07;31
2024-07-31;2024;07;31
2024-07-31;2024;07;31
2024-07-31;2024;07;31
2024-07-31;2024;07;31
2024-07-31;2024;07;31
2024-07-31;2024;07;31
2024-07-31;2024;07;31
2024-07-31;2024;07;31
2024-07-31;2024;07;31
2024-07-31;2024;07;31
2024-07-31;2024;07;31
2024-07-31;2024;07;31
2024-07-31;2024;07;31
2024-07-31;2024;07;31
2024-07-31;2024;07;31
2024-07-31;2024;07;31
2024-07-31;2024;07;31
2024-07-31;2024;07;31
2024-07-31;2024;07;31
2024-08-01;2024;08;01
2024-08-01;2024;08;01
2024-08-01;2024;08;01
2024-08-01;2024;08;01
2024-08-01;2024;08;01
2024-08-01;2024;08;01
2024-08-01;2024;08;01
2024-08-01;2024;08;01
2024-08-01;2024;08;01
2024-08-01;2024;08;01
2024-08-01;2024;08;01
2024-08-01;2024;08;01
2024-08-01;2024;08;01
2024-08-01;2024;08;01
2024-08-01;2024;08;01
2024-08-01;2024;08;01
2024-08-01;2024;08;01
2024-08-01;2024;08;01
2024-08-01;2024;08;01
2024-08-01;2024;08;01
2024-08-01;2024;08;01
2024-08-01;2024;08;01
2024-08-01;2024;08;01
2024-08-01;2024;08;01
2024-08-01;2024;08;01
2024-08-01;2024;08;01
2024-08-01;2024;08;01
2024-08-01;2024;08;01
2024-08-01;2024;08;01
2024-08-01;2024;08;01
2024-08-01;2024;08;01
2024-08-01;2024;08;01
2024-08-01;2024;08;01
2024-08-01;2024;08;01
2024-08-01;2024;08;01
2024-08-01;2024;08;01
2024-08-01;2024;08;01
2024-08-01;2024;08;01
2024-08-01;2024;08;01
2024-08-01;2024;08;01
2024-08-01;2024;08;01
2024-08-01;2024;08;01
2024-08-01;2024;08;01
2024-08-01;2024;08;01
2024-08-01;2024;08;01
2024-08-01;2024;08;01
2024-08-01;2024;08;01
2024-08-01;2024;08;01
2024-08-01;2024;08;01
2024-08-01;2024;08;01
2024-08-02;2024;08;02
2024-08-02;2024;08;02
2024-08-02;2024;08;02
2024-08-02;2024;08;02
2024-08-02;2024;08;02
2024-08-02;2024;08;02
2024-08-02;2024;08;02
2024-08-02;2024;08;02
2024-08-02;2024;08;02
2024-08-02;2024;08;02
2024-08-02;2024;08;02
2024-08-02;2024;08;02
2024-08-02;2024;08;02
2024-08-02;2024;08;02
2024-08-02;2024;08;02
2024-08-02;2024;08;02
2024-08-02;2024;08;02
2024-08-02;2024;08;02
2024-08-02;2024;08;02
2024-08-02;2024;08;02
2024-08-02;2024;08;02
2024-08-02;2024;08;02
2024-08-02;2024;08;02
2024-08-02;2024;08;02
2024-08-02;2024;08;02
2024-08-02;2024;08;02
2024-08-02;2024;08;02
2024-08-02;2024;08;02
2024-08-02;2024;08;02
2024-08-02;2024;08;02
2024-08-02;2024;08;02
2024-08-02;2024;08;02
2024-08-02;2024;08;02
2024-08-02;2024;08;02
2024-08-02;2024;08;02
2024-08-02;2024;08;02
2024-08-02;2024;08;02
2024-08-02;2024;08;02
2024-08-02;2024;08;02
2024-08-02;2024;08;02
2024-08-02;2024;08;02
2024-08-02;2024;08;02
2024-08-02;2024;08;02
2024-08-02;2024;08;02
2024-08-02;2024;08;02
2024-08-02;2024;08;02
2024-08-02;2024;08;02
2024-08-02;2024;08;02
2024-08-02;2024;08;02
2024-08-02;2024;08;02
2024-08-02;2024;08;02
2024-08-02;2024;08;02
2024-08-02;2024;08;02
2024-08-02;2024;08;02
2024-08-02;2024;08;02
2024-08-02;2024;08;02
2024-08-02;2024;08;02
2024-08-02;2024;08;02
2024-08-02;2024;08;02
2024-08-02;2024;08;02
2024-08-02;2024;08;02
2024-08-02;2024;08;02
2024-08-02;2024;08;02
2024-08-02;2024;08;02
2024-08-02;2024;08;02
2024-08-02;2024;08;02
2024-08-02;2024;08;02
2024-08-02;2024;08;02
2024-08-02;2024;08;02
2024-08-02;2024;08;02
2024-08-02;2024;08;02
2024-08-02;2024;08;02
2024-08-03;2024;08;03
2024-08-03;2024;08;03
2024-08-03;2024;08;03
2024-08-03;2024;08;03
2024-08-03;2024;08;03
2024-08-03;2024;08;03
2024-08-03;2024;08;03
2024-08-03;2024;08;03
2024-08-03;2024;08;03
2024-08-03;2024;08;03
2024-08-03;2024;08;03
2024-08-03;2024;08;03
2024-08-03;2024;08;03
2024-08-03;2024;08;03
2024-08-03;2024;08;03
2024-08-03;2024;08;03
2024-08-03;2024;08;03
2024-08-03;2024;08;03
2024-08-03;2024;08;03
2024-08-03;2024;08;03
2024-08-03;2024;08;03
2024-08-03;2024;08;03
2024-08-03;2024;08;03
2024-08-03;2024;08;03
2024-08-03;2024;08;03
2024-08-03;2024;08;03
2024-08-03;2024;08;03
2024-08-03;2024;08;03
2024-08-03;2024;08;03
2024-08-03;2024;08;03
2024-08-03;2024;08;03
2024-08-03;2024;08;03
2024-08-03;2024;08;03
2024-08-03;2024;08;03
2024-08-03;2024;08;03
2024-08-03;2024;08;03
2024-08-03;2024;08;03
2024-08-03;2024;08;03
2024-08-03;2024;08;03
2024-08-03;2024;08;03
2024-08-03;2024;08;03
2024-08-03;2024;08;03
2024-08-03;2024;08;03
2024-08-03;2024;08;03
2024-08-03;2024;08;03
2024-08-03;2024;08;03
2024-08-03;2024;08;03
2024-08-03;2024;08;03
2024-08-03;2024;08;03
2024-08-03;2024;08;03
2024-08-03;2024;08;03
2024-08-03;2024;08;03
2024-08-03;2024;08;03
2024-08-03;2024;08;03
2024-08-03;2024;08;03
2024-08-03;2024;08;03
2024-08-03;2024;08;03
2024-08-03;2024;08;03
2024-08-03;2024;08;03
2024-08-03;2024;08;03
2024-08-03;2024;08;03
2024-08-03;2024;08;03
2024-08-03;2024;08;03
2024-08-03;2024;08;03
2024-08-03;2024;08;03
2024-08-03;2024;08;03
2024-08-03;2024;08;03
2024-08-03;2024;08;03
2024-08-03;2024;08;03
2024-08-03;2024;08;03
2024-08-03;2024;08;03
2024-08-03;2024;08;03
2024-08-03;2024;08;03
2024-08-03;2024;08;03
2024-08-03;2024;08;03
2024-08-03;2024;08;03
2024-08-03;2024;08;03
2024-08-03;2024;08;03
2024-08-03;2024;08;03
2024-08-03;2024;08;03
2024-08-03;2024;08;03
2024-08-03;2024;08;03
2024-08-03;2024;08;03
2024-08-03;2024;08;03
2024-08-03;2024;08;03
2024-08-03;2024;08;03
2024-08-03;2024;08;03
2024-08-03;2024;08;03
2024-08-03;2024;08;03
2024-08-03;2024;08;03
2024-08-04;2024;08;04
2024-08-04;2024;08;04
2024-08-04;2024;08;04
2024-08-04;2024;08;04
2024-08-04;2024;08;04
2024-08-04;2024;08;04
2024-08-04;2024;08;04
2024-08-04;2024;08;04
2024-08-04;2024;08;04
2024-08-04;2024;08;04
2024-08-04;2024;08;04
2024-08-04;2024;08;04
2024-08-04;2024;08;04
2024-08-04;2024;08;04
2024-08-04;2024;08;04
2024-08-04;2024;08;04
2024-08-04;2024;08;04
2024-08-04;2024;08;04
2024-08-04;2024;08;04
2024-08-04;2024;08;04
2024-08-04;2024;08;04
2024-08-04;2024;08;04
2024-08-04;2024;08;04
2024-08-04;2024;08;04
2024-08-04;2024;08;04
2024-08-04;2024;08;04
2024-08-04;2024;08;04
2024-08-04;2024;08;04
2024-08-04;2024;08;04
2024-08-04;2024;08;04
2024-08-04;2024;08;04
2024-08-04;2024;08;04
2024-08-04;2024;08;04
2024-08-04;2024;08;04
2024-08-04;2024;08;04
2024-08-04;2024;08;04
2024-08-04;2024;08;04
2024-08-04;2024;08;04
2024-08-04;2024;08;04
2024-08-04;2024;08;04
2024-08-04;2024;08;04
2024-08-04;2024;08;04
2024-08-04;2024;08;04
2024-08-04;2024;08;04
2024-08-04;2024;08;04
2024-08-04;2024;08;04
2024-08-04;2024;08;04
2024-08-04;2024;08;04
2024-08-04;2024;08;04
2024-08-04;2024;08;04
2024-08-04;2024;08;04
2024-08-04;2024;08;04
2024-08-04;2024;08;04
2024-08-04;2024;08;04
2024-08-04;2024;08;04
2024-08-04;2024;08;04
2024-08-04;2024;08;04
2024-08-04;2024;08;04
2024-08-04;2024;08;04
2024-08-04;2024;08;04
2024-08-04;2024;08;04
2024-08-04;2024;08;04
2024-08-04;2024;08;04
2024-08-04;2024;08;04
2024-08-04;2024;08;04
2024-08-04;2024;08;04
2024-08-04;2024;08;04
2024-08-04;2024;08;04
2024-08-04;2024;08;04
2024-08-04;2024;08;04
2024-08-04;2024;08;04
2024-08-05;2024;08;05
2024-08-05;2024;08;05
2024-08-05;2024;08;05
2024-08-05;2024;08;05
2024-08-05;2024;08;05
2024-08-05;2024;08;05
2024-08-05;2024;08;05
2024-08-05;2024;08;05
2024-08-05;2024;08;05
2024-08-05;2024;08;05
2024-08-05;2024;08;05
2024-08-05;2024;08;05
2024-08-05;2024;08;05
2024-08-05;2024;08;05
2024-08-05;2024;08;05
2024-08-05;2024;08;05
2024-08-05;2024;08;05
2024-08-05;2024;08;05
2024-08-05;2024;08;05
2024-08-05;2024;08;05
2024-08-05;2024;08;05
2024-08-05;2024;08;05
2024-08-05;2024;08;05
2024-08-05;2024;08;05
2024-08-05;2024;08;05
2024-08-05;2024;08;05
2024-08-05;2024;08;05
2024-08-05;2024;08;05
2024-08-05;2024;08;05
2024-08-05;2024;08;05
2024-08-05;2024;08;05
2024-08-05;2024;08;05
2024-08-05;2024;08;05
2024-08-05;2024;08;05
2024-08-05;2024;08;05
2024-08-05;2024;08;05
2024-08-05;2024;08;05
2024-08-05;2024;08;05
2024-08-05;2024;08;05
2024-08-05;2024;08;05
2024-08-05;2024;08;05
2024-08-05;2024;08;05
2024-08-05;2024;08;05
2024-08-05;2024;08;05
2024-08-05;2024;08;05
2024-08-05;2024;08;05
2024-08-05;2024;08;05
2024-08-05;2024;08;05
2024-08-05;2024;08;05
2024-08-05;2024;08;05
2024-08-05;2024;08;05
2024-08-05;2024;08;05
2024-08-05;2024;08;05
2024-08-05;2024;08;05
2024-08-05;2024;08;05
2024-08-05;2024;08;05
2024-08-05;2024;08;05
2024-08-05;2024;08;05
2024-08-05;2024;08;05
2024-08-05;2024;08;05
2024-08-06;2024;08;06
2024-08-06;2024;08;06
2024-08-06;2024;08;06
2024-08-06;2024;08;06
2024-08-06;2024;08;06
2024-08-06;2024;08;06
2024-08-06;2024;08;06
2024-08-06;2024;08;06
2024-08-06;2024;08;06
2024-08-06;2024;08;06
2024-08-06;2024;08;06
2024-08-06;2024;08;06
2024-08-06;2024;08;06
2024-08-06;2024;08;06
2024-08-06;2024;08;06
2024-08-06;2024;08;06
2024-08-06;2024;08;06
2024-08-06;2024;08;06
2024-08-06;2024;08;06
2024-08-06;2024;08;06
2024-08-06;2024;08;06
2024-08-06;2024;08;06
2024-08-06;2024;08;06
2024-08-06;2024;08;06
2024-08-06;2024;08;06
2024-08-06;2024;08;06
2024-08-06;2024;08;06
2024-08-06;2024;08;06
2024-08-06;2024;08;06
2024-08-06;2024;08;06
2024-08-06;2024;08;06
2024-08-06;2024;08;06
2024-08-06;2024;08;06
2024-08-06;2024;08;06
2024-08-06;2024;08;06
2024-08-06;2024;08;06
2024-08-06;2024;08;06
2024-08-06;2024;08;06
2024-08-06;2024;08;06
2024-08-06;2024;08;06
2024-08-06;2024;08;06
2024-08-06;2024;08;06
2024-08-06;2024;08;06
2024-08-06;2024;08;06
2024-08-06;2024;08;06
2024-08-06;2024;08;06
2024-08-06;2024;08;06
2024-08-07;2024;08;07
2024-08-07;2024;08;07
2024-08-07;2024;08;07
2024-08-07;2024;08;07
2024-08-07;2024;08;07
2024-08-07;2024;08;07
2024-08-07;2024;08;07
2024-08-07;2024;08;07
2024-08-07;2024;08;07
2024-08-07;2024;08;07
2024-08-07;2024;08;07
2024-08-07;2024;08;07
2024-08-07;2024;08;07
2024-08-07;2024;08;07
2024-08-07;2024;08;07
2024-08-07;2024;08;07
2024-08-07;2024;08;07
2024-08-07;2024;08;07
2024-08-07;2024;08;07
2024-08-07;2024;08;07
2024-08-07;2024;08;07
2024-08-07;2024;08;07
2024-08-07;2024;08;07
2024-08-07;2024;08;07
2024-08-07;2024;08;07
2024-08-07;2024;08;07
2024-08-07;2024;08;07
2024-08-07;2024;08;07
2024-08-07;2024;08;07
2024-08-07;2024;08;07
2024-08-07;2024;08;07
2024-08-07;2024;08;07
2024-08-07;2024;08;07
2024-08-07;2024;08;07
2024-08-07;2024;08;07
2024-08-07;2024;08;07
2024-08-07;2024;08;07
2024-08-07;2024;08;07
2024-08-07;2024;08;07
2024-08-07;2024;08;07
2024-08-07;2024;08;07
2024-08-07;2024;08;07
2024-08-07;2024;08;07
2024-08-07;2024;08;07
2024-08-07;2024;08;07
2024-08-07;2024;08;07
2024-08-07;2024;08;07
2024-08-07;2024;08;07
2024-08-07;2024;08;07
2024-08-07;2024;08;07
2024-08-07;2024;08;07
2024-08-07;2024;08;07
2024-08-07;2024;08;07
2024-08-07;2024;08;07
2024-08-07;2024;08;07
2024-08-07;2024;08;07
2024-08-07;2024;08;07
2024-08-07;2024;08;07
2024-08-07;2024;08;07
2024-08-07;2024;08;07
2024-08-07;2024;08;07
2024-08-07;2024;08;07
2024-08-07;2024;08;07
2024-08-07;2024;08;07
2024-08-07;2024;08;07
2024-08-07;2024;08;07
2024-08-07;2024;08;07
2024-08-07;2024;08;07
2024-08-07;2024;08;07
2024-08-07;2024;08;07
2024-08-08;2024;08;08
2024-08-08;2024;08;08
2024-08-08;2024;08;08
2024-08-08;2024;08;08
2024-08-08;2024;08;08
2024-08-08;2024;08;08
2024-08-08;2024;08;08
2024-08-08;2024;08;08
2024-08-08;2024;08;08
2024-08-08;2024;08;08
2024-08-08;2024;08;08
2024-08-08;2024;08;08
2024-08-08;2024;08;08
2024-08-08;2024;08;08
2024-08-08;2024;08;08
2024-08-08;2024;08;08
2024-08-08;2024;08;08
2024-08-08;2024;08;08
2024-08-08;2024;08;08
2024-08-08;2024;08;08
2024-08-08;2024;08;08
2024-08-08;2024;08;08
2024-08-08;2024;08;08
2024-08-08;2024;08;08
2024-08-08;2024;08;08
2024-08-08;2024;08;08
2024-08-08;2024;08;08
2024-08-08;2024;08;08
2024-08-08;2024;08;08
2024-08-08;2024;08;08
2024-08-08;2024;08;08
2024-08-08;2024;08;08
2024-08-08;2024;08;08
2024-08-08;2024;08;08
2024-08-08;2024;08;08
2024-08-08;2024;08;08
2024-08-08;2024;08;08
2024-08-08;2024;08;08
2024-08-08;2024;08;08
2024-08-08;2024;08;08
2024-08-08;2024;08;08
2024-08-08;2024;08;08
2024-08-08;2024;08;08
2024-08-08;2024;08;08
2024-08-08;2024;08;08
2024-08-08;2024;08;08
2024-08-08;2024;08;08
2024-08-08;2024;08;08
2024-08-08;2024;08;08
2024-08-08;2024;08;08
2024-08-08;2024;08;08
2024-08-08;2024;08;08
2024-08-08;2024;08;08
2024-08-08;2024;08;08
2024-08-08;2024;08;08
2024-08-08;2024;08;08
2024-08-08;2024;08;08
2024-08-08;2024;08;08
2024-08-08;2024;08;08
2024-08-08;2024;08;08
2024-08-08;2024;08;08
2024-08-08;2024;08;08
2024-08-08;2024;08;08
2024-08-08;2024;08;08
2024-08-08;2024;08;08
2024-08-08;2024;08;08
2024-08-08;2024;08;08
2024-08-08;2024;08;08
2024-08-08;2024;08;08
2024-08-08;2024;08;08
2024-08-08;2024;08;08
2024-08-08;2024;08;08
2024-08-08;2024;08;08
2024-08-08;2024;08;08
2024-08-08;2024;08;08
2024-08-08;2024;08;08
2024-08-08;2024;08;08
2024-08-08;2024;08;08
2024-08-08;2024;08;08
2024-08-08;2024;08;08
2024-08-08;2024;08;08
2024-08-08;2024;08;08
2024-08-08;2024;08;08
2024-08-08;2024;08;08
2024-08-08;2024;08;08
2024-08-08;2024;08;08
2024-08-09;2024;08;09
2024-08-09;2024;08;09
2024-08-09;2024;08;09
2024-08-09;2024;08;09
2024-08-09;2024;08;09
2024-08-09;2024;08;09
2024-08-09;2024;08;09
2024-08-09;2024;08;09
2024-08-09;2024;08;09
2024-08-09;2024;08;09
2024-08-09;2024;08;09
2024-08-09;2024;08;09
2024-08-09;2024;08;09
2024-08-09;2024;08;09
2024-08-09;2024;08;09
2024-08-09;2024;08;09
2024-08-09;2024;08;09
2024-08-09;2024;08;09
2024-08-09;2024;08;09
2024-08-09;2024;08;09
2024-08-09;2024;08;09
2024-08-09;2024;08;09
2024-08-09;2024;08;09
2024-08-09;2024;08;09
2024-08-09;2024;08;09
2024-08-09;2024;08;09
2024-08-09;2024;08;09
2024-08-09;2024;08;09
2024-08-09;2024;08;09
2024-08-09;2024;08;09
2024-08-09;2024;08;09
2024-08-09;2024;08;09
2024-08-09;2024;08;09
2024-08-09;2024;08;09
2024-08-09;2024;08;09
2024-08-09;2024;08;09
2024-08-09;2024;08;09
2024-08-09;2024;08;09
2024-08-09;2024;08;09
2024-08-09;2024;08;09
2024-08-09;2024;08;09
2024-08-09;2024;08;09
2024-08-09;2024;08;09
2024-08-09;2024;08;09
2024-08-09;2024;08;09
2024-08-09;2024;08;09
2024-08-09;2024;08;09
2024-08-09;2024;08;09
2024-08-09;2024;08;09
2024-08-09;2024;08;09
2024-08-09;2024;08;09
2024-08-09;2024;08;09
2024-08-09;2024;08;09
2024-08-09;2024;08;09
2024-08-09;2024;08;09
2024-08-09;2024;08;09
2024-08-09;2024;08;09
2024-08-09;2024;08;09
2024-08-09;2024;08;09
2024-08-09;2024;08;09
2024-08-09;2024;08;09
2024-08-09;2024;08;09
2024-08-09;2024;08;09
2024-08-09;2024;08;09
2024-08-09;2024;08;09
2024-08-09;2024;08;09
2024-08-09;2024;08;09
2024-08-09;2024;08;09
2024-08-09;2024;08;09
2024-08-09;2024;08;09
2024-08-09;2024;08;09
2024-08-09;2024;08;09
2024-08-09;2024;08;09
2024-08-09;2024;08;09
2024-08-09;2024;08;09
2024-08-09;2024;08;09
2024-08-09;2024;08;09
2024-08-09;2024;08;09
2024-08-09;2024;08;09
2024-08-09;2024;08;09
2024-08-09;2024;08;09
2024-08-09;2024;08;09
2024-08-09;2024;08;09
2024-08-09;2024;08;09
2024-08-09;2024;08;09
2024-08-09;2024;08;09
2024-08-09;2024;08;09
2024-08-09;2024;08;09
2024-08-09;2024;08;09
2024-08-09;2024;08;09
2024-08-09;2024;08;09
2024-08-09;2024;08;09
2024-08-09;2024;08;09
2024-08-09;2024;08;09
2024-08-09;2024;08;09
2024-08-09;2024;08;09
2024-08-09;2024;08;09
2024-08-09;2024;08;09
2024-08-09;2024;08;09
2024-08-09;2024;08;09
2024-08-09;2024;08;09
2024-08-09;2024;08;09
2024-08-10;2024;08;10
2024-08-10;2024;08;10
2024-08-10;2024;08;10
2024-08-10;2024;08;10
2024-08-10;2024;08;10
2024-08-10;2024;08;10
2024-08-10;2024;08;10
2024-08-10;2024;08;10
2024-08-10;2024;08;10
2024-08-10;2024;08;10
2024-08-10;2024;08;10
2024-08-10;2024;08;10
2024-08-10;2024;08;10
2024-08-10;2024;08;10
2024-08-10;2024;08;10
2024-08-10;2024;08;10
2024-08-10;2024;08;10
2024-08-10;2024;08;10
2024-08-10;2024;08;10
2024-08-10;2024;08;10
2024-08-10;2024;08;10
2024-08-10;2024;08;10
2024-08-10;2024;08;10
2024-08-10;2024;08;10
2024-08-10;2024;08;10
2024-08-10;2024;08;10
2024-08-10;2024;08;10
2024-08-10;2024;08;10
2024-08-10;2024;08;10
2024-08-10;2024;08;10
2024-08-10;2024;08;10
2024-08-10;2024;08;10
2024-08-10;2024;08;10
2024-08-10;2024;08;10
2024-08-10;2024;08;10
2024-08-10;2024;08;10
2024-08-10;2024;08;10
2024-08-10;2024;08;10
2024-08-10;2024;08;10
2024-08-10;2024;08;10
2024-08-10;2024;08;10
2024-08-10;2024;08;10
2024-08-10;2024;08;10
2024-08-10;2024;08;10
2024-08-10;2024;08;10
2024-08-10;2024;08;10
2024-08-10;2024;08;10
2024-08-10;2024;08;10
2024-08-10;2024;08;10
2024-08-10;2024;08;10
2024-08-10;2024;08;10
2024-08-10;2024;08;10
2024-08-10;2024;08;10
2024-08-10;2024;08;10
2024-08-10;2024;08;10
2024-08-10;2024;08;10
2024-08-10;2024;08;10
2024-08-10;2024;08;10
2024-08-10;2024;08;10
2024-08-10;2024;08;10
2024-08-10;2024;08;10
2024-08-10;2024;08;10
2024-08-10;2024;08;10
2024-08-10;2024;08;10
2024-08-10;2024;08;10
2024-08-10;2024;08;10
2024-08-10;2024;08;10
2024-08-10;2024;08;10
2024-08-10;2024;08;10
2024-08-10;2024;08;10
2024-08-10;2024;08;10
2024-08-10;2024;08;10
2024-08-10;2024;08;10
2024-08-10;2024;08;10
2024-08-10;2024;08;10
2024-08-10;2024;08;10
2024-08-10;2024;08;10
2024-08-10;2024;08;10
2024-08-10;2024;08;10
2024-08-10;2024;08;10
2024-08-10;2024;08;10
2024-08-10;2024;08;10
2024-08-10;2024;08;10
2024-08-10;2024;08;10
2024-08-10;2024;08;10
2024-08-10;2024;08;10
2024-08-10;2024;08;10
2024-08-10;2024;08;10
2024-08-10;2024;08;10
2024-08-10;2024;08;10
2024-08-10;2024;08;10
2024-08-10;2024;08;10
2024-08-10;2024;08;10
2024-08-10;2024;08;10
2024-08-10;2024;08;10
2024-08-10;2024;08;10
2024-08-10;2024;08;10
2024-08-10;2024;08;10
2024-08-10;2024;08;10
2024-08-10;2024;08;10
2024-08-10;2024;08;10
2024-08-10;2024;08;10
2024-08-10;2024;08;10
2024-08-10;2024;08;10
2024-08-10;2024;08;10
2024-08-10;2024;08;10
2024-08-10;2024;08;10
2024-08-10;2024;08;10
2024-08-10;2024;08;10
2024-08-10;2024;08;10
2024-08-10;2024;08;10
2024-08-10;2024;08;10
2024-08-10;2024;08;10
2024-08-10;2024;08;10
2024-08-11;2024;08;11
2024-08-11;2024;08;11
2024-08-11;2024;08;11
2024-08-11;2024;08;11
2024-08-11;2024;08;11
2024-08-11;2024;08;11
2024-08-11;2024;08;11
2024-08-11;2024;08;11
2024-08-11;2024;08;11
2024-08-11;2024;08;11
2024-08-11;2024;08;11
2024-08-11;2024;08;11
2024-08-11;2024;08;11
2024-08-11;2024;08;11
2024-08-11;2024;08;11
2024-08-11;2024;08;11
2024-08-11;2024;08;11
2024-08-11;2024;08;11
2024-08-11;2024;08;11
2024-08-11;2024;08;11
2024-08-11;2024;08;11
2024-08-11;2024;08;11
2024-08-11;2024;08;11
2024-08-11;2024;08;11
2024-08-11;2024;08;11
2024-08-11;2024;08;11
2024-08-11;2024;08;11
2024-08-11;2024;08;11
2024-08-11;2024;08;11
2024-08-11;2024;08;11
2024-08-11;2024;08;11
2024-08-11;2024;08;11
2024-08-11;2024;08;11
2024-08-11;2024;08;11
2024-08-11;2024;08;11
2024-08-11;2024;08;11
2024-08-11;2024;08;11
2024-08-11;2024;08;11
2024-08-11;2024;08;11
2024-08-11;2024;08;11
2024-08-11;2024;08;11
2024-08-10;2024;08;10
2024-08-10;2024;08;10
2024-08-10;2024;08;10
2024-08-09;2024;08;09
2024-08-09;2024;08;09
2024-08-09;2024;08;09
2024-08-09;2024;08;09
2024-08-09;2024;08;09
2024-08-09;2024;08;09
